{
  "f1": 0.69920797674218,
  "precision": 0.7708225504044214,
  "recall": 0.6970779220779221,
  "acc": 0.6970779220779221
}