{
  "f1": 0.6893442043877227,
  "precision": 0.7827278992535367,
  "recall": 0.6766233766233767,
  "acc": 0.6766233766233766
}