{
  "f1": 0.6714941115246691,
  "precision": 0.7804862970829357,
  "recall": 0.6727272727272726,
  "acc": 0.6727272727272727
}