{
  "f1": 0.6882867316944898,
  "precision": 0.773625389762252,
  "recall": 0.6708333333333334,
  "acc": 0.6795454545454546
}