{
  "f1": 0.6723823562058855,
  "precision": 0.7512730575811072,
  "recall": 0.6641025641025641,
  "acc": 0.6727272727272727
}